link,content
https://www.facebook.com/groups/174764463261090,Content not found or empty in this post
https://www.facebook.com/groups/174764463261090,Content not found or empty in this post
https://www.facebook.com/groups/174764463261090,Content not found or empty in this post
https://www.facebook.com/groups/174764463261090,Content not found or empty in this post
https://www.facebook.com/groups/174764463261090,Content not found or empty in this post
https://www.facebook.com/groups/174764463261090,Content not found or empty in this post
https://www.facebook.com/groups/174764463261090,Content not found or empty in this post
https://www.facebook.com/groups/174764463261090,Content not found or empty in this post
https://www.facebook.com/groups/174764463261090,Content not found or empty in this post
https://www.facebook.com/groups/174764463261090,Content not found in this post
